<?xml version="1.0" encoding="UTF-8"?>
<project-private xmlns="http://www.netbeans.org/ns/project-private/1">
    <editor-bookmarks xmlns="http://www.netbeans.org/ns/editor-bookmarks/2" lastBookmarkId="0"/>
    <open-files xmlns="http://www.netbeans.org/ns/projectui-open-files/2">
        <group>
            <file>file:/C:/Users/VIET%20DUC/Documents/duan1/SUM25-BL2-DA1-SD20303/src/models/SanPham.java</file>
            <file>file:/C:/Users/VIET%20DUC/Documents/duan1/SUM25-BL2-DA1-SD20303/src/service/SanPhamService.java</file>
            <file>file:/C:/Users/VIET%20DUC/Documents/duan1/SUM25-BL2-DA1-SD20303/src/form/QuanLyHoaDon.java</file>
            <file>file:/C:/Users/VIET%20DUC/Documents/duan1/SUM25-BL2-DA1-SD20303/src/service/MauSacService.java</file>
            <file>file:/C:/Users/VIET%20DUC/Documents/duan1/SUM25-BL2-DA1-SD20303/src/models/HoaDonChiTiet.java</file>
            <file>file:/C:/Users/VIET%20DUC/Documents/duan1/SUM25-BL2-DA1-SD20303/src/repository/MauSacRepository.java</file>
            <file>file:/C:/Users/VIET%20DUC/Documents/duan1/SUM25-BL2-DA1-SD20303/src/service/HoaDonService.java</file>
            <file>file:/C:/Users/VIET%20DUC/Documents/duan1/SUM25-BL2-DA1-SD20303/src/repository/KichThuocRepository.java</file>
            <file>file:/C:/Users/VIET%20DUC/Documents/duan1/SUM25-BL2-DA1-SD20303/src/form/BanHang.java</file>
            <file>file:/C:/Users/VIET%20DUC/Documents/duan1/SUM25-BL2-DA1-SD20303/src/repository/ConnectionDataBase.java</file>
            <file>file:/C:/Users/VIET%20DUC/Documents/duan1/SUM25-BL2-DA1-SD20303/src/service/HoaDonChiTietService.java</file>
            <file>file:/C:/Users/VIET%20DUC/Documents/duan1/SUM25-BL2-DA1-SD20303/src/models/GioHangChiTiet.java</file>
            <file>file:/C:/Users/VIET%20DUC/Documents/duan1/SUM25-BL2-DA1-SD20303/src/repository/BienTheSanPhamRepository.java</file>
            <file>file:/C:/Users/VIET%20DUC/Documents/duan1/SUM25-BL2-DA1-SD20303/src/repository/NhanVienRepository.java</file>
            <file>file:/C:/Users/VIET%20DUC/Documents/duan1/SUM25-BL2-DA1-SD20303/src/models/GioHang.java</file>
            <file>file:/C:/Users/VIET%20DUC/Documents/duan1/SUM25-BL2-DA1-SD20303/src/models/NhanVien.java</file>
            <file>file:/C:/Users/VIET%20DUC/Documents/duan1/SUM25-BL2-DA1-SD20303/src/models/KichThuoc.java</file>
            <file>file:/C:/Users/VIET%20DUC/Documents/duan1/SUM25-BL2-DA1-SD20303/src/service/BienTheSanPhamService.java</file>
            <file>file:/C:/Users/VIET%20DUC/Documents/duan1/SUM25-BL2-DA1-SD20303/src/repository/GioHangChiTietRepository.java</file>
            <file>file:/C:/Users/VIET%20DUC/Documents/duan1/SUM25-BL2-DA1-SD20303/src/repository/HoaDonChiTietRepository.java</file>
            <file>file:/C:/Users/VIET%20DUC/Documents/duan1/SUM25-BL2-DA1-SD20303/src/service/GioHangChiTietService.java</file>
            <file>file:/C:/Users/VIET%20DUC/Documents/duan1/SUM25-BL2-DA1-SD20303/src/repository/SanPhamRepository.java</file>
            <file>file:/C:/Users/VIET%20DUC/Documents/duan1/SUM25-BL2-DA1-SD20303/src/service/KichThuocService.java</file>
            <file>file:/C:/Users/VIET%20DUC/Documents/duan1/SUM25-BL2-DA1-SD20303/src/repository/GioHangRepository.java</file>
            <file>file:/C:/Users/VIET%20DUC/Documents/duan1/SUM25-BL2-DA1-SD20303/src/form/QuanLyNhanVien.java</file>
            <file>file:/C:/Users/VIET%20DUC/Documents/duan1/SUM25-BL2-DA1-SD20303/src/form/QuanLySanPham.java</file>
            <file>file:/C:/Users/VIET%20DUC/Documents/duan1/SUM25-BL2-DA1-SD20303/src/repository/HoaDonRepository.java</file>
            <file>file:/C:/Users/VIET%20DUC/Documents/duan1/SUM25-BL2-DA1-SD20303/src/service/NhanVienService.java</file>
            <file>file:/C:/Users/VIET%20DUC/Documents/duan1/SUM25-BL2-DA1-SD20303/src/form/DangNhap.java</file>
            <file>file:/C:/Users/VIET%20DUC/Documents/duan1/SUM25-BL2-DA1-SD20303/src/models/MauSac.java</file>
            <file>file:/C:/Users/VIET%20DUC/Documents/duan1/SUM25-BL2-DA1-SD20303/src/models/HoaDon.java</file>
            <file>file:/C:/Users/VIET%20DUC/Documents/duan1/SUM25-BL2-DA1-SD20303/src/models/BienTheSanPham.java</file>
            <file>file:/C:/Users/VIET%20DUC/Documents/duan1/SUM25-BL2-DA1-SD20303/src/service/GioHangService.java</file>
            <file>file:/C:/Users/VIET%20DUC/Documents/duan1/SUM25-BL2-DA1-SD20303/src/form/TrangChu.java</file>
        </group>
    </open-files>
</project-private>
